category,delivery_time,name,no_of_reviews,price,rating
/workplace,"Delivered between 1-3 days for Delhi/NCR or 3-4 days for rest of India
                  ",Wooden Notebook Binder | Cancer,"(None,)",Rs. 699.00,"(None,)"
/workplace,"Delivered between 1-3 days for Delhi/NCR or 3-4 days for rest of India
                  ",Wooden Notebook Binder | Aquarius,"(None,)",Rs. 699.00,"(None,)"
/workplace,"Delivered between 4-5 days for Delhi/NCR or 5-7 days for rest of India
                  ",6x6 Custom Wood Print, 2 reviews ,Rs. 699.00,Average rating is 5.00 stars
/workplace,"(None,)",Desk Name Plate With Led Light, No reviews ,"Rs. 1,199.00",Average rating is 0.00 stars
/workplace,"Delivered between 1-3 days for Delhi/NCR or 3-4 days for rest of India
                  ",Wooden Cover Libra Zodiac Sign Engraved and Crafted, 5 reviews ,Rs. 499.00,Average rating is 4.80 stars
/workplace,"Delivered between 1-3 days for Delhi/NCR or 3-4 days for rest of India
                  ",Wooden Cover Sagittarius Zodiac Sign Engraved and Crafted, 4 reviews ,Rs. 499.00,Average rating is 4.75 stars
/workplace,"(None,)",Wooden Cover Virgo Zodiac Sign Engraved and Crafted,"(None,)",Rs. 499.00,"(None,)"
/workplace,"Delivered between 1-3 days for Delhi/NCR or 3-4 days for rest of India
                  ",ChitraChaya Zodiac Sign Gemini Diary Notebook Wooden Cover, 3 reviews ,Rs. 499.00,Average rating is 4.67 stars
/workplace,"Delivered between 1-3 days for Delhi/NCR or 3-4 days for rest of India
                  ","4""x4"" Wooden Coasters Laser | Put Beer Here","(None,)",Rs. 399.00 – Rs. 749.00,"(None,)"
/workplace,"Delivered between 1-3 days for Delhi/NCR or 3-4 days for rest of India
                  ","4""x4"" Wooden Coasters Laser | Red Devils","(None,)",Rs. 399.00 – Rs. 699.00,"(None,)"
/workplace,"Delivered between 1-3 days for Delhi/NCR or 3-4 days for rest of India
                  ","4""x4"" Wooden Coasters Laser | Arsenal","(None,)",Rs. 399.00 – Rs. 699.00,"(None,)"
/workplace,"Delivered between 1-3 days for Delhi/NCR or 3-4 days for rest of India
                  ","4""x4"" Wooden Coasters | Arsenal", 1 review ,Rs. 399.00 – Rs. 699.00,Average rating is 5.00 stars
/workplace,"Delivered between 1-3 days for Delhi/NCR or 3-4 days for rest of India
                  ",Wooden Notebook Binder | Aries,"(None,)",Rs. 699.00,"(None,)"
/workplace,"Delivered between 4-5 days for Delhi/NCR or 5-7 days for rest of India
                  ",5x7 Custom Wood Print, 2 reviews ,Rs. 699.00,Average rating is 5.00 stars
/workplace,"Delivered between 1-3 days for Delhi/NCR or 3-4 days for rest of India
                  ",Customised Flat Number Name Plate, 1 review ,Rs. 799.00,Average rating is 3.00 stars
/kids,"Delivered between 1-3 days for Delhi/NCR or 3-4 days for rest of India
                  ",Personalised | Photo With Name Fridge Magnets,"(None,)",Rs. 699.00,"(None,)"
/sports,"Delivered between 1-3 days for Delhi/NCR or 3-4 days for rest of India
                  ","14""x11"" Handcrafted Wooden Crest | Real Madrid", 2 reviews ,"Rs. 1,499.00 – Rs. 1,699.00",Average rating is 5.00 stars
/home,"Delivered between 4-5 days for Delhi/NCR or 5-7 days for rest of India
                  ",Couple with two kids name plate, 3 reviews ,"Rs. 1,999.00",Average rating is 5.00 stars
/kids,"Delivered between 4-5 days for Delhi/NCR or 5-7 days for rest of India
                  ",Jungle Theme Kids Room Name Plate,"(None,)","Rs. 1,499.00","(None,)"
/kids,"Delivered between 1-3 days for Delhi/NCR or 3-4 days for rest of India
                  ",Superhero Set of 6 Magnets,"(None,)",Rs. 649.00,"(None,)"
/kids,"Delivered between 4-5 days for Delhi/NCR or 5-7 days for rest of India
                  ",Kids Jungle Theme Name Sign,"(None,)","Rs. 1,499.00","(None,)"
/fathers-day,"Delivered between 1-3 days for Delhi/NCR or 3-4 days for rest of India
                  ",Personalised | Great Indian Father Magnets,"(None,)",Rs. 599.00,"(None,)"
/kids,"Delivered between 4-5 days for Delhi/NCR or 5-7 days for rest of India
                  ",Kids Circular Jungle Theme 3D Name Plate with Lights,"(None,)","Rs. 1,799.00","(None,)"
/kids,"Delivered between 4-5 days for Delhi/NCR or 5-7 days for rest of India
                  ",Animal Theme Kids Name Sign,"(None,)","Rs. 1,099.00","(None,)"
/fathers-day,"Delivered between 1-3 days for Delhi/NCR or 3-4 days for rest of India
                  ",Personalised | My Hero,"(None,)","Rs. 699.00 – Rs. 1,999.00","(None,)"
/fathers-day,"Delivered between 1-3 days for Delhi/NCR or 3-4 days for rest of India
                  ",Personalised | Super Dad,"(None,)","Rs. 699.00 – Rs. 1,999.00","(None,)"
/fathers-day,"Delivered between 1-3 days for Delhi/NCR or 3-4 days for rest of India
                  ",Personalised | Best Father,"(None,)","Rs. 699.00 – Rs. 1,999.00","(None,)"
/fathers-day,"Delivered between 1-3 days for Delhi/NCR or 3-4 days for rest of India
                  ",Personalised | I Love Dad,"(None,)","Rs. 699.00 – Rs. 1,999.00","(None,)"
/fathers-day,"Delivered between 1-3 days for Delhi/NCR or 3-4 days for rest of India
                  ",Fathers Day Frame Fridge Magnets - Set of 3, No reviews ,Rs. 999.00,Average rating is 0.00 stars
/fathers-day,"Delivered between 1-3 days for Delhi/NCR or 3-4 days for rest of India
                  ",Fathers Day Shaped Fridge Magnets - Set of 3, No reviews ,"Rs. 1,099.00",Average rating is 0.00 stars
/fathers-day,"Delivered between 1-3 days for Delhi/NCR or 3-4 days for rest of India
                  ",Personalised | Super Dad Wooden Notebook Binder | COD Not Available,"(None,)",Rs. 899.00,"(None,)"
/gifts-for-brother,"Delivered between 1-3 days for Delhi/NCR or 3-4 days for rest of India
                  ",Personalised | FCB Wooden Notebook Binder | COD Not Available,"(None,)",Rs. 899.00,"(None,)"
/love,"Delivered between 1-3 days for Delhi/NCR or 3-4 days for rest of India
                  ",Personalised | Anniversary Special,"(None,)","Rs. 1,499.00 – Rs. 2,099.00","(None,)"
/love,"Delivered between 1-3 days for Delhi/NCR or 3-4 days for rest of India
                  ",Personalised | I Love Us, 1 review ,"Rs. 699.00 – Rs. 1,499.00",Average rating is 5.00 stars
/love,"Delivered between 4-5 days for Delhi/NCR or 5-7 days for rest of India
                  ",ChitraChaya's Special Vector Art style | Single face | COD Not Available, 3 reviews ,"Rs. 2,399.00 – Rs. 2,999.00",Average rating is 5.00 stars
/love,"Delivered between 1-3 days for Delhi/NCR or 3-4 days for rest of India
                  ",Pet Caricature Magnet | One Face  | COD Not Available, No reviews ,Rs. 799.00,Average rating is 0.00 stars
/love,"Delivered between 1-3 days for Delhi/NCR or 3-4 days for rest of India
                  ",Personalised | Love Heart Magnets,"(None,)",Rs. 599.00,"(None,)"
/love,"Delivered between 1-3 days for Delhi/NCR or 3-4 days for rest of India
                  ",Personalised | Besties | Photo Frame Fridge Magnets,"(None,)",Rs. 499.00,"(None,)"
/love,"Delivered between 1-3 days for Delhi/NCR or 3-4 days for rest of India
                  ",Personalised | Pet Paws | Photo Frame Fridge Magnets,"(None,)",Rs. 499.00,"(None,)"
/gifts-for-brother,"Delivered between 1-3 days for Delhi/NCR or 3-4 days for rest of India
                  ","4""x4"" Wooden Coasters | Best Brother","(None,)",Rs. 349.00 – Rs. 599.00,"(None,)"
/gifts-for-brother,"Delivered between 1-3 days for Delhi/NCR or 3-4 days for rest of India
                  ",Personalised | Brother and Friend,"(None,)","Rs. 699.00 – Rs. 1,999.00","(None,)"
/gifts-for-brother,"Delivered between 1-3 days for Delhi/NCR or 3-4 days for rest of India
                  ",Chelsea F.C. Wooden Notebook Binder,"(None,)",Rs. 799.00,"(None,)"
/gifts-for-brother,"Delivered between 1-3 days for Delhi/NCR or 3-4 days for rest of India
                  ",Personalised | Chelsea F.C. Wooden Notebook Binder | COD Not Available,"(None,)",Rs. 899.00,"(None,)"
/gifts-for-brother,"Delivered between 1-3 days for Delhi/NCR or 3-4 days for rest of India
                  ",FC Bayern Munich Wooden Notebook Binder,"(None,)",Rs. 799.00,"(None,)"
/gifts-for-brother,"Delivered between 1-3 days for Delhi/NCR or 3-4 days for rest of India
                  ",Personalised | Arsenal F.C. Wooden Notebook Binder | COD Not Available,"(None,)",Rs. 899.00,"(None,)"
/gifts-for-brother,"Delivered between 1-3 days for Delhi/NCR or 3-4 days for rest of India
                  ",Personalised | FC Bayern Munich Wooden Notebook Binder | COD Not Available,"(None,)",Rs. 899.00,"(None,)"
/gifts-for-brother,"Delivered between 1-3 days for Delhi/NCR or 3-4 days for rest of India
                  ",Personalised | Brothers For Life,"(None,)","Rs. 699.00 – Rs. 1,999.00","(None,)"
/gifts-for-brother,"Delivered between 1-3 days for Delhi/NCR or 3-4 days for rest of India
                  ",Messi Copa America Wood Print, 2 reviews ,"Rs. 699.00 – Rs. 2,199.00",Average rating is 5.00 stars
/gifts-for-brother,"Delivered between 1-3 days for Delhi/NCR or 3-4 days for rest of India
                  ",Personalised | Super Hero Brother Wooden Notebook Binder | COD Not Available,"(None,)",Rs. 899.00,"(None,)"
/gifts-for-brother,"Delivered between 1-3 days for Delhi/NCR or 3-4 days for rest of India
                  ",Personalised | Best Bhai Wooden Notebook Binder | COD Not Available,"(None,)",Rs. 899.00,"(None,)"
/love,"Delivered between 1-3 days for Delhi/NCR or 3-4 days for rest of India
                  ",Personalised | Valentines Day | Photo Magnets Set of 2,"(None,)",Rs. 749.00,"(None,)"
/love,"Delivered between 1-3 days for Delhi/NCR or 3-4 days for rest of India
                  ",Couple Valentines Special Frame,"(None,)","Rs. 1,249.00","(None,)"
/gifts-for-brother,"Delivered between 1-3 days for Delhi/NCR or 3-4 days for rest of India
                  ",Personalised | World's Best Brother,"(None,)","Rs. 699.00 – Rs. 1,999.00","(None,)"
/gifts-for-brother,"Delivered between 1-3 days for Delhi/NCR or 3-4 days for rest of India
                  ",Personalised | Best Bro,"(None,)","(None,)","(None,)"
/gifts-for-brother,"Delivered between 1-3 days for Delhi/NCR or 3-4 days for rest of India
                  ",Personalised | Wings Best Brother | Fridge Magnets,"(None,)",Rs. 599.00,"(None,)"
/fathers-day,"Delivered between 4-5 days for Delhi/NCR or 5-7 days for rest of India
                  ",POP Art style | Father's Day | Single face | COD Not Available,"(None,)","Rs. 1,199.00 – Rs. 3,299.00","(None,)"
/fathers-day,"Delivered between 1-3 days for Delhi/NCR or 3-4 days for rest of India
                  ",Personalised | Wooden Medal | Fathers Day,"(None,)",Rs. 799.00,"(None,)"
/fathers-day,"Delivered between 1-3 days for Delhi/NCR or 3-4 days for rest of India
                  ",I Love Dad Wooden Rose,"(None,)",Rs. 699.00,"(None,)"
/fathers-day,"Delivered between 1-3 days for Delhi/NCR or 3-4 days for rest of India
                  ","4""x4"" Wooden Coasters | Personalised | Greatest Dad","(None,)",Rs. 449.00 – Rs. 699.00,"(None,)"
/fathers-day,"Delivered between 1-3 days for Delhi/NCR or 3-4 days for rest of India
                  ","4""x4"" Wooden Coasters | Personalised | Best Papa","(None,)",Rs. 449.00 – Rs. 699.00,"(None,)"
/fathers-day,"Delivered between 1-3 days for Delhi/NCR or 3-4 days for rest of India
                  ","4""x4"" Wooden Coasters | Best Dad","(None,)",Rs. 349.00 – Rs. 599.00,"(None,)"
/fathers-day,"Delivered between 1-3 days for Delhi/NCR or 3-4 days for rest of India
                  ","4""x4"" Wooden Coasters | Super Dad","(None,)",Rs. 349.00 – Rs. 599.00,"(None,)"
/fathers-day,"Delivered between 1-3 days for Delhi/NCR or 3-4 days for rest of India
                  ",Usain Bolt Wood Print,"(None,)","Rs. 699.00 – Rs. 2,199.00","(None,)"
/fathers-day,"Delivered between 1-3 days for Delhi/NCR or 3-4 days for rest of India
                  ",Cristiano Ronaldo CR7 Wood Print,"(None,)","Rs. 699.00 – Rs. 2,199.00","(None,)"
/love,"Delivered between 1-3 days for Delhi/NCR or 3-4 days for rest of India
                  ",Personalised | Valentines Day | Name Magnets,"(None,)",Rs. 499.00,"(None,)"
/love,"Delivered between 4-5 days for Delhi/NCR or 5-7 days for rest of India
                  ",7x8 Hexagon | Set of 8,"(None,)","Rs. 5,999.00","(None,)"
/love,"Delivered between 1-3 days for Delhi/NCR or 3-4 days for rest of India
                  ",Personalised | Family Collage,"(None,)","Rs. 1,499.00 – Rs. 2,099.00","(None,)"
/love,"Delivered between 1-3 days for Delhi/NCR or 3-4 days for rest of India
                  ",Personalised | Always Better Together, 1 review ,"Rs. 699.00 – Rs. 1,099.00",Average rating is 5.00 stars
/love,"Delivered between 1-3 days for Delhi/NCR or 3-4 days for rest of India
                  ",Personalised | Couples Special,"(None,)","Rs. 699.00 – Rs. 1,099.00","(None,)"
/love,"Delivered between 1-3 days for Delhi/NCR or 3-4 days for rest of India
                  ",Personalised | Story Of My Life, 1 review ,"Rs. 699.00 – Rs. 1,499.00",Average rating is 5.00 stars
/love,"Delivered between 4-5 days for Delhi/NCR or 5-7 days for rest of India
                  ",ChitraChaya's Special POP Art style | Three face | COD Not Available, 1 review ,"Rs. 3,599.00 – Rs. 4,499.00",Average rating is 5.00 stars
/love,"Delivered between 1-3 days for Delhi/NCR or 3-4 days for rest of India
                  ",Personalised | Our Family | Photo Frame Fridge Magnets,"(None,)",Rs. 499.00,"(None,)"
/home,"Delivered between 4-5 days for Delhi/NCR or 5-7 days for rest of India
                  ",Pink Flower Vine Theme Name Plate,"(None,)","Rs. 1,799.00 – Rs. 2,349.00","(None,)"
/home,"Delivered between 4-5 days for Delhi/NCR or 5-7 days for rest of India
                  ",Black Elegant Flower Theme Name Plate,"(None,)","Rs. 1,799.00 – Rs. 2,349.00","(None,)"
/home,"Delivered between 4-5 days for Delhi/NCR or 5-7 days for rest of India
                  ",Red Floral Name Plate,"(None,)","Rs. 1,499.00","(None,)"
/home,"Delivered between 4-5 days for Delhi/NCR or 5-7 days for rest of India
                  ",Antique Floral Theme Name Plate,"(None,)","Rs. 1,699.00","(None,)"
/gifts-for-brother,"Delivered between 1-3 days for Delhi/NCR or 3-4 days for rest of India
                  ",Arsenal F.C. Wooden Notebook Binder,"(None,)",Rs. 799.00,"(None,)"
/fathers-day,"Delivered between 4-5 days for Delhi/NCR or 5-7 days for rest of India
                  ",Circular Caricature Fridge Magnets | One Face | Fathers Day | COD Not Available,"(None,)",Rs. 999.00,"(None,)"
/home,"Delivered between 4-5 days for Delhi/NCR or 5-7 days for rest of India
                  ",Classic Acrylic Name Plate | Gloss Finish, No reviews ,Rs. 999.00,Average rating is 0.00 stars
/home,"Delivered between 4-5 days for Delhi/NCR or 5-7 days for rest of India
                  ",Classic Acrylic Name Plate | Matte Finish, No reviews ,Rs. 999.00,Average rating is 0.00 stars
/fathers-day,"Delivered between 1-3 days for Delhi/NCR or 3-4 days for rest of India
                  ",Personalised Daddy And Me Mini Photo Frame, 1 review ,Rs. 599.00,Average rating is 5.00 stars
/love,"Delivered between 1-3 days for Delhi/NCR or 3-4 days for rest of India
                  ",Personalised | You Are My Person, 1 review ,"Rs. 699.00 – Rs. 1,499.00",Average rating is 5.00 stars
/love,"Delivered between 1-3 days for Delhi/NCR or 3-4 days for rest of India
                  ","4x4"" Heart Personalised Wooden Fridge Magnets","(None,)",Rs. 449.00,"(None,)"
/fathers-day,"Delivered between 1-3 days for Delhi/NCR or 3-4 days for rest of India
                  ",Personalised | Worlds Best Dad | Dadu | Nanu Fridge Magnets - Set of 3, 2 reviews ,Rs. 999.00,Average rating is 5.00 stars
/love,"Delivered between 1-3 days for Delhi/NCR or 3-4 days for rest of India
                  ",Personalised Pet With Name Photo Frame Fridge Magnets, No reviews ,Rs. 599.00,Average rating is 0.00 stars
/love,"Delivered between 1-3 days for Delhi/NCR or 3-4 days for rest of India
                  ",Personalised | Photo With Names,"(None,)","Rs. 699.00 – Rs. 1,999.00","(None,)"
/fathers-day,"Delivered between 1-3 days for Delhi/NCR or 3-4 days for rest of India
                  ",Personalised Text Frame Fridge Magnets, No reviews ,Rs. 599.00,Average rating is 0.00 stars
/love,"Delivered between 1-3 days for Delhi/NCR or 3-4 days for rest of India
                  ",Personalised Couple Name Mini Photo Frame, No reviews ,Rs. 699.00,Average rating is 0.00 stars
/love,"Delivered between 1-3 days for Delhi/NCR or 3-4 days for rest of India
                  ",Personalised | I Love Us | Photo Frame Fridge Magnets,"(None,)",Rs. 499.00,"(None,)"
/sports,"Delivered between 1-3 days for Delhi/NCR or 3-4 days for rest of India
                  ",Kobe Bryant Wood Print,"(None,)","Rs. 699.00 – Rs. 2,199.00","(None,)"
/sports,"Delivered between 1-3 days for Delhi/NCR or 3-4 days for rest of India
                  ",Federer Wood Print,"(None,)","Rs. 699.00 – Rs. 2,199.00","(None,)"
/sports,"Delivered between 1-3 days for Delhi/NCR or 3-4 days for rest of India
                  ",MSD Wood Print,"(None,)","Rs. 699.00 – Rs. 2,199.00","(None,)"
/sports,"Delivered between 1-3 days for Delhi/NCR or 3-4 days for rest of India
                  ","12""x12"" Handcrafted Wooden Crest | Mohun Bagan", 2 reviews ,"Rs. 1,499.00",Average rating is 4.50 stars
/sports,"Delivered between 1-3 days for Delhi/NCR or 3-4 days for rest of India
                  ","12""x12"" Handcrafted Wooden Crest | East Bengal", 4 reviews ,"Rs. 1,499.00",Average rating is 5.00 stars
/sports,"Delivered between 1-3 days for Delhi/NCR or 3-4 days for rest of India
                  ",Rafael Nadal Wood Print,"(None,)","Rs. 699.00 – Rs. 2,199.00","(None,)"
/home,"Delivered between 4-5 days for Delhi/NCR or 5-7 days for rest of India
                  ",Classy Premium 3D home name plate,"(None,)","Rs. 1,999.00","(None,)"
/home,"Delivered between 4-5 days for Delhi/NCR or 5-7 days for rest of India
                  ",Elegant Name Plate,"(None,)","Rs. 1,799.00 – Rs. 2,349.00","(None,)"
/home,"Delivered between 4-5 days for Delhi/NCR or 5-7 days for rest of India
                  ",3D Pattern Name Plate with Frame, No reviews ,"Rs. 2,199.00",Average rating is 0.00 stars
/home,"Delivered between 4-5 days for Delhi/NCR or 5-7 days for rest of India
                  ",Marathi Couple Theme Name Plate,"(None,)","Rs. 1,499.00","(None,)"
/kids,"Delivered between 1-3 days for Delhi/NCR or 3-4 days for rest of India
                  ",Personalised | Cute Astronaut Wooden Notebook Binder | COD Not Available,"(None,)",Rs. 899.00,"(None,)"
/fathers-day,"Delivered between 1-3 days for Delhi/NCR or 3-4 days for rest of India
                  ",Personalised | Special Dad,"(None,)","Rs. 699.00 – Rs. 1,999.00","(None,)"
/fathers-day,"Delivered between 1-3 days for Delhi/NCR or 3-4 days for rest of India
                  ",Personalised | Father's Day | Best Dad Ever,"(None,)","Rs. 699.00 – Rs. 1,999.00","(None,)"
/love,"Delivered between 1-3 days for Delhi/NCR or 3-4 days for rest of India
                  ",Personalised | Always Better Together | Photo Frame Fridge Magnets,"(None,)",Rs. 499.00,"(None,)"
/love,"Delivered between 1-3 days for Delhi/NCR or 3-4 days for rest of India
                  ",Personalised | This Is Us | Photo Frame Fridge Magnets,"(None,)",Rs. 499.00,"(None,)"
/sports,"Delivered between 1-3 days for Delhi/NCR or 3-4 days for rest of India
                  ","19""x13"" Handcrafted Wooden Portrait | Lionel Messi", 3 reviews ,"Rs. 1,999.00",Average rating is 5.00 stars
/sports,"Delivered between 1-3 days for Delhi/NCR or 3-4 days for rest of India
                  ","19""x13"" Handcrafted Wooden Portrait | Cristiano Ronaldo", 2 reviews ,"Rs. 1,999.00",Average rating is 5.00 stars
/home,"Delivered between 4-5 days for Delhi/NCR or 5-7 days for rest of India
                  ",Floweret Circular Name Plate,"(None,)","Rs. 1,699.00","(None,)"
/home,"Delivered between 4-5 days for Delhi/NCR or 5-7 days for rest of India
                  ",Pattern Name Plate,"(None,)","Rs. 1,799.00 – Rs. 2,349.00","(None,)"
/home,"Delivered between 4-5 days for Delhi/NCR or 5-7 days for rest of India
                  ",3D Acrylic Hut Shape Name Plate, No reviews ,"Rs. 1,199.00",Average rating is 0.00 stars
/home,"Delivered between 4-5 days for Delhi/NCR or 5-7 days for rest of India
                  ",South Indian Couple Theme Name Plate,"(None,)","Rs. 1,499.00","(None,)"
/home,"Delivered between 4-5 days for Delhi/NCR or 5-7 days for rest of India
                  ",Bengali Couple Theme Name Plate, 3 reviews ,"Rs. 1,499.00",Average rating is 5.00 stars
/home,"Delivered between 4-5 days for Delhi/NCR or 5-7 days for rest of India
                  ",Flower Theme Name Plate, 3 reviews ,"Rs. 1,799.00 – Rs. 2,349.00",Average rating is 5.00 stars
/home,"Delivered between 4-5 days for Delhi/NCR or 5-7 days for rest of India
                  ",Flower Pattern Oval Shape Name Plate, 2 reviews ,"Rs. 1,499.00",Average rating is 5.00 stars
/home,"Delivered between 4-5 days for Delhi/NCR or 5-7 days for rest of India
                  ",3D Krishna Flute Name Plate, 1 review ,"Rs. 1,799.00",Average rating is 5.00 stars
/kids,"Delivered between 1-3 days for Delhi/NCR or 3-4 days for rest of India
                  ",Wooden Fridge Magnets | Mancity,"(None,)",Rs. 299.00,"(None,)"
/kids,"Delivered between 1-3 days for Delhi/NCR or 3-4 days for rest of India
                  ",Wooden Fridge Magnets | Real Madrid,"(None,)",Rs. 299.00,"(None,)"
/kids,"Delivered between 1-3 days for Delhi/NCR or 3-4 days for rest of India
                  ",Wooden Fridge Magnets | Red Devils,"(None,)",Rs. 299.00,"(None,)"
/kids,"Delivered between 1-3 days for Delhi/NCR or 3-4 days for rest of India
                  ",Wooden Fridge Magnets | Chelsea,"(None,)",Rs. 299.00,"(None,)"
/kids,"Delivered between 1-3 days for Delhi/NCR or 3-4 days for rest of India
                  ",Wooden Fridge Magnets | FCB,"(None,)",Rs. 299.00,"(None,)"
/kids,"Delivered between 1-3 days for Delhi/NCR or 3-4 days for rest of India
                  ",Wooden Fridge Magnets | Arsenal,"(None,)",Rs. 299.00,"(None,)"
/kids,"Delivered between 1-3 days for Delhi/NCR or 3-4 days for rest of India
                  ",Personalised | New Born | Baby Girl,"(None,)","Rs. 1,499.00 – Rs. 2,199.00","(None,)"
/kids,"Delivered between 1-3 days for Delhi/NCR or 3-4 days for rest of India
                  ",Personalised | New Born | Baby Boy,"(None,)","Rs. 1,499.00 – Rs. 2,199.00","(None,)"
/kids,"Delivered between 4-5 days for Delhi/NCR or 5-7 days for rest of India
                  ",Kids Circular 3D Cute Bear Name Plate with Lights, No reviews ,"Rs. 1,799.00",Average rating is 0.00 stars
/kids,"Delivered between 1-3 days for Delhi/NCR or 3-4 days for rest of India
                  ",Led Glow Lamp | Radha krishna, No reviews ,"Rs. 1,499.00",Average rating is 0.00 stars
/kids,"Delivered between 1-3 days for Delhi/NCR or 3-4 days for rest of India
                  ",LED Glow Lamp | Reach For The Stars,"(None,)","Rs. 1,499.00","(None,)"
/fathers-day,"Delivered between 1-3 days for Delhi/NCR or 3-4 days for rest of India
                  ",Personalised | Father's Day | Wooden Postcard,"(None,)",Rs. 799.00,"(None,)"
/fathers-day,"Delivered between 4-5 days for Delhi/NCR or 5-7 days for rest of India
                  ",Personalised | You are the Dad,"(None,)","Rs. 699.00 – Rs. 1,999.00","(None,)"
/fathers-day,"Delivered between 1-3 days for Delhi/NCR or 3-4 days for rest of India
                  ",Acrylic Photo Standee With Easel, No reviews ,Rs. 899.00,Average rating is 0.00 stars
/fathers-day,"Delivered between 1-3 days for Delhi/NCR or 3-4 days for rest of India
                  ",Personalised | Best Dad,"(None,)","(None,)","(None,)"
/fathers-day,"Delivered between 1-3 days for Delhi/NCR or 3-4 days for rest of India
                  ",Me and Dad 3D Frame, No reviews ,"Rs. 1,249.00",Average rating is 0.00 stars
/fathers-day,"Delivered between 1-3 days for Delhi/NCR or 3-4 days for rest of India
                  ",Dad You Are My Hero Wooden KeyChain,"(None,)",Rs. 399.00,"(None,)"
/fathers-day,"Delivered between 1-3 days for Delhi/NCR or 3-4 days for rest of India
                  ",Personalised | Happy Father's Day,"(None,)","Rs. 699.00 – Rs. 1,999.00","(None,)"
/fathers-day,"Delivered between 1-3 days for Delhi/NCR or 3-4 days for rest of India
                  ",Personalised | Superhero Dad Shield | Fridge Magnets,"(None,)",Rs. 599.00,"(None,)"
/fathers-day,"Delivered between 1-3 days for Delhi/NCR or 3-4 days for rest of India
                  ",Personalised | Worlds Best Father | Fridge Magnets,"(None,)",Rs. 499.00,"(None,)"
/fathers-day,"Delivered between 1-3 days for Delhi/NCR or 3-4 days for rest of India
                  ",Personalised | DaD | Fridge Magnets, 1 review ,Rs. 599.00,Average rating is 5.00 stars
/fathers-day,"Delivered between 1-3 days for Delhi/NCR or 3-4 days for rest of India
                  ",Personalised | World's Best Dad | Fridge Magnets, 4 reviews ,Rs. 599.00,Average rating is 5.00 stars
/fathers-day,"Delivered between 1-3 days for Delhi/NCR or 3-4 days for rest of India
                  ",Personalised | Fathers Day | Fridge Magnets, 2 reviews ,Rs. 499.00,Average rating is 5.00 stars
/love,"Delivered between 4-5 days for Delhi/NCR or 5-7 days for rest of India
                  ",Personalised Polaroid Wooden Photo with Base,"(None,)",Rs. 699.00,"(None,)"
/love,"Delivered between 1-3 days for Delhi/NCR or 3-4 days for rest of India
                  ",Personalised | Family Photo Print,"(None,)","Rs. 699.00 – Rs. 1,999.00","(None,)"
/love,"Delivered between 1-3 days for Delhi/NCR or 3-4 days for rest of India
                  ",Personalised | Our World | Photo Frame Fridge Magnets,"(None,)",Rs. 499.00,"(None,)"
/love,"Delivered between 1-3 days for Delhi/NCR or 3-4 days for rest of India
                  ",Personalised | Together Forever | Photo Frame Fridge Magnets,"(None,)",Rs. 499.00,"(None,)"
/love,"Delivered between 1-3 days for Delhi/NCR or 3-4 days for rest of India
                  ",Personalised | Memories | Photo Frame Fridge Magnets,"(None,)",Rs. 499.00,"(None,)"
/love,"Delivered between 1-3 days for Delhi/NCR or 3-4 days for rest of India
                  ",Personalised | Always & Forever | Photo Frame Fridge Magnets,"(None,)",Rs. 499.00,"(None,)"
/love,"Delivered between 1-3 days for Delhi/NCR or 3-4 days for rest of India
                  ",Personalised | Mom & Dad | Photo Frame Fridge Magnets,"(None,)",Rs. 499.00,"(None,)"
/love,"Delivered between 1-3 days for Delhi/NCR or 3-4 days for rest of India
                  ",Personalised | Couple Special | Photo Frame Fridge Magnets, 1 review ,Rs. 599.00,Average rating is 5.00 stars
/sports,"Delivered between 1-3 days for Delhi/NCR or 3-4 days for rest of India
                  ","12""x5"" Handcrafted Wooden Crest | Juventus", 1 review ,Rs. 799.00,Average rating is 5.00 stars
/sports,"Delivered between 1-3 days for Delhi/NCR or 3-4 days for rest of India
                  ","12""x12"" Handcrafted Wooden Crest | Manchester City", 1 review ,"Rs. 1,499.00 – Rs. 1,699.00",Average rating is 5.00 stars
/sports,"Delivered between 1-3 days for Delhi/NCR or 3-4 days for rest of India
                  ","12""x12"" Handcrafted Wooden Crest | Chelsea", 3 reviews ,"Rs. 1,499.00 – Rs. 1,699.00",Average rating is 5.00 stars
/sports,"Delivered between 1-3 days for Delhi/NCR or 3-4 days for rest of India
                  ","12""x12"" Handcrafted Wooden Crest | FC Barcelona", 3 reviews ,"Rs. 1,499.00 – Rs. 1,699.00",Average rating is 5.00 stars
/sports,"Delivered between 1-3 days for Delhi/NCR or 3-4 days for rest of India
                  ","12""x12"" Handcrafted Wooden Crest | Red Devils", 5 reviews ,"Rs. 1,599.00 – Rs. 1,799.00",Average rating is 5.00 stars
/sports,"Delivered between 1-3 days for Delhi/NCR or 3-4 days for rest of India
                  ","14""x11"" Handcrafted Wooden Crest | Liverpool", 5 reviews ,"Rs. 1,999.00 – Rs. 2,199.00",Average rating is 5.00 stars
/sports,"Delivered between 1-3 days for Delhi/NCR or 3-4 days for rest of India
                  ",Cristiano Ronaldo Juv Back Wood Print,"(None,)","Rs. 699.00 – Rs. 2,199.00","(None,)"
/sports,"Delivered between 1-3 days for Delhi/NCR or 3-4 days for rest of India
                  ",Cristiano Ronaldo WPAP Wood Print,"(None,)","Rs. 699.00 – Rs. 2,199.00","(None,)"
/sports,"Delivered between 1-3 days for Delhi/NCR or 3-4 days for rest of India
                  ",Mohamed Salah Wood Print, 1 review ,"Rs. 699.00 – Rs. 2,199.00",Average rating is 5.00 stars
/sports,"Delivered between 1-3 days for Delhi/NCR or 3-4 days for rest of India
                  ",Virat Kohli Wood Print,"(None,)","Rs. 699.00 – Rs. 2,199.00","(None,)"
/sports,"Delivered between 1-3 days for Delhi/NCR or 3-4 days for rest of India
                  ",Virat Kohli WPAP Wood Print, 2 reviews ,"Rs. 699.00 – Rs. 2,199.00",Average rating is 5.00 stars
/home,"Delivered between 4-5 days for Delhi/NCR or 5-7 days for rest of India
                  ",Caricature Style Couple Oval Name Plate | COD Not Available, 1 review ,"Rs. 2,999.00",Average rating is 5.00 stars
/home,"Delivered between 4-5 days for Delhi/NCR or 5-7 days for rest of India
                  ",Indian Flower Theme Name Plate, 3 reviews ,"Rs. 1,799.00 – Rs. 2,349.00",Average rating is 5.00 stars
/home,"Delivered between 4-5 days for Delhi/NCR or 5-7 days for rest of India
                  ",Premium 3D Floral Name Plate, No reviews ,"Rs. 1,899.00",Average rating is 0.00 stars
/home,"Delivered between 4-5 days for Delhi/NCR or 5-7 days for rest of India
                  ",Stone Pattern Acrylic Name Plate, 1 review ,"Rs. 749.00 – Rs. 1,099.00",Average rating is 5.00 stars
/home,"Delivered between 4-5 days for Delhi/NCR or 5-7 days for rest of India
                  ",3D Floral Classic Name plate, No reviews ,"Rs. 1,599.00",Average rating is 0.00 stars
/home,"Delivered between 4-5 days for Delhi/NCR or 5-7 days for rest of India
                  ",Parrot Theme Hut Name Plate With Kid Hanging, No reviews ,"Rs. 2,399.00",Average rating is 0.00 stars
/home,"Delivered between 4-5 days for Delhi/NCR or 5-7 days for rest of India
                  ",Bullet Couple Theme Name Plate,"(None,)","Rs. 1,499.00","(None,)"
/home,"Delivered between 4-5 days for Delhi/NCR or 5-7 days for rest of India
                  ",Watercolour Flower Pattern Big Oval Shape Name Plate, 3 reviews ,"Rs. 1,649.00",Average rating is 5.00 stars
/home,"Delivered between 4-5 days for Delhi/NCR or 5-7 days for rest of India
                  ",Classic Elegant Family Name Plate, 2 reviews ,"Rs. 1,799.00 – Rs. 2,349.00",Average rating is 5.00 stars
/kids,"Delivered between 1-3 days for Delhi/NCR or 3-4 days for rest of India
                  ",LED Glow Lamp | Gojo,"(None,)","Rs. 1,499.00","(None,)"
/kids,"Delivered between 1-3 days for Delhi/NCR or 3-4 days for rest of India
                  ",LED Glow Lamp | Gojo Jujutsu Kaisen,"(None,)","Rs. 1,499.00","(None,)"
/kids,"Delivered between 1-3 days for Delhi/NCR or 3-4 days for rest of India
                  ",LED Glow Lamp | Tanjiro,"(None,)","Rs. 1,499.00","(None,)"
/kids,"Delivered between 1-3 days for Delhi/NCR or 3-4 days for rest of India
                  ",LED Glow Lamp | Roronoa Zoro,"(None,)","Rs. 1,499.00","(None,)"
/kids,"Delivered between 4-5 days for Delhi/NCR or 5-7 days for rest of India
                  ",Cloud Shape Name Sign,"(None,)",Rs. 999.00,"(None,)"
/kids,"Delivered between 4-5 days for Delhi/NCR or 5-7 days for rest of India
                  ",Sail The Seas Personalised 3D Kids Name Sign,"(None,)","Rs. 1,499.00","(None,)"
/kids,"Delivered between 4-5 days for Delhi/NCR or 5-7 days for rest of India
                  ",3D Astro Theme Kids Room Name Plate,"(None,)","Rs. 1,499.00","(None,)"
/kids,"Delivered between 1-3 days for Delhi/NCR or 3-4 days for rest of India
                  ",Hogwarts Wood Print With Easel Stand,"(None,)",Rs. 499.00,"(None,)"
/kids,"Delivered between 1-3 days for Delhi/NCR or 3-4 days for rest of India
                  ",Personalised | Kids Room Name Sign,"(None,)",Rs. 999.00,"(None,)"
/kids,"Delivered between 1-3 days for Delhi/NCR or 3-4 days for rest of India
                  ",Kids Room Inspirational Wall Art - Set of 3,"(None,)","Rs. 2,499.00","(None,)"
/mothers-day,"Delivered between 1-3 days for Delhi/NCR or 3-4 days for rest of India
                  ",Premium Wooden Multipurpose Serving Tray,"(None,)",Rs. 699.00,"(None,)"
/mothers-day,"Delivered between 1-3 days for Delhi/NCR or 3-4 days for rest of India
                  ",Handcrafted Chopping Board Rose Wood,"(None,)",Rs. 999.00,"(None,)"
/mothers-day,"Delivered between 1-3 days for Delhi/NCR or 3-4 days for rest of India
                  ",Handcrafted Chopping Board Sleek,"(None,)",Rs. 899.00,"(None,)"
/mothers-day,"(None,)",Handcrafted Chopping Board Round,"(None,)",Rs. 999.00,"(None,)"
/mothers-day,"Delivered between 1-3 days for Delhi/NCR or 3-4 days for rest of India
                  ",Personalised | Mother's Day | Wooden Postcard,"(None,)",Rs. 799.00,"(None,)"
/mothers-day,"Delivered between 1-3 days for Delhi/NCR or 3-4 days for rest of India
                  ",Personalised | Wooden Medal | Mothers Day,"(None,)",Rs. 799.00,"(None,)"
/fathers-day,"Delivered between 1-3 days for Delhi/NCR or 3-4 days for rest of India
                  ",Personalised | Best Dad | Fridge Magnets, 1 review ,Rs. 499.00,Average rating is 5.00 stars
/love,"Delivered between 1-3 days for Delhi/NCR or 3-4 days for rest of India
                  ",Personalised | Wooden Rose | Valentines | COD Not available, 4 reviews ,Rs. 899.00,Average rating is 5.00 stars
/sports,"Delivered between 1-3 days for Delhi/NCR or 3-4 days for rest of India
                  ",Cristiano Ronaldo Juv Wood Print,"(None,)","Rs. 699.00 – Rs. 2,199.00","(None,)"
/sports,"Delivered between 1-3 days for Delhi/NCR or 3-4 days for rest of India
                  ",Lionel Messi Wood Print, 1 review ,"Rs. 699.00 – Rs. 2,199.00",Average rating is 5.00 stars
/sports,"Delivered between 1-3 days for Delhi/NCR or 3-4 days for rest of India
                  ",Roger Federer Wood Print With Easel Stand,"(None,)",Rs. 499.00,"(None,)"
/sports,"Delivered between 1-3 days for Delhi/NCR or 3-4 days for rest of India
                  ",Real Madrid Wood Print With Easel Stand,"(None,)",Rs. 499.00,"(None,)"
/sports,"Delivered between 1-3 days for Delhi/NCR or 3-4 days for rest of India
                  ",Messi World Cup Wood Print With Easel Stand,"(None,)",Rs. 499.00,"(None,)"
/sports,"Delivered between 1-3 days for Delhi/NCR or 3-4 days for rest of India
                  ",Messi World Cup Wood Print,"(None,)","Rs. 699.00 – Rs. 2,199.00","(None,)"
/sports,"Delivered between 1-3 days for Delhi/NCR or 3-4 days for rest of India
                  ",Rohit Sharma Wood Print With Frame,"(None,)","Rs. 1,099.00","(None,)"
/sports,"Delivered between 1-3 days for Delhi/NCR or 3-4 days for rest of India
                  ",Arsenal Minimalistic Wooden 3D Artwork with Frame,"(None,)","Rs. 1,299.00","(None,)"
/sports,"Delivered between 1-3 days for Delhi/NCR or 3-4 days for rest of India
                  ",Wooden Table Clock | Red Devils,"(None,)",Rs. 699.00,"(None,)"
/sports,"Delivered between 1-3 days for Delhi/NCR or 3-4 days for rest of India
                  ",Sachin Tendulkar Wood Print,"(None,)","Rs. 699.00 – Rs. 2,199.00","(None,)"
/sports,"Delivered between 1-3 days for Delhi/NCR or 3-4 days for rest of India
                  ","12""x12"" Handcrafted Wooden Crest | Arsenal", 2 reviews ,"Rs. 1,499.00 – Rs. 1,699.00",Average rating is 4.50 stars
/sports,"Delivered between 1-3 days for Delhi/NCR or 3-4 days for rest of India
                  ",Wooden Table Clock | FC Barcelona,"(None,)",Rs. 699.00,"(None,)"
/sports,"Delivered between 1-3 days for Delhi/NCR or 3-4 days for rest of India
                  ",Wooden Table Clock | FC Bayern Munich,"(None,)",Rs. 699.00,"(None,)"
/sports,"Delivered between 1-3 days for Delhi/NCR or 3-4 days for rest of India
                  ",Wooden Table Clock | Arsenal,"(None,)",Rs. 699.00,"(None,)"
/home,"Delivered between 4-5 days for Delhi/NCR or 5-7 days for rest of India
                  ",Colourful Hut Style Name Plate, No reviews ,"Rs. 2,199.00",Average rating is 0.00 stars
/home,"Delivered between 4-5 days for Delhi/NCR or 5-7 days for rest of India
                  ",Premium Circular 3D Acrylic Name Plate, No reviews ,"Rs. 1,999.00",Average rating is 0.00 stars
/home,"Delivered between 4-5 days for Delhi/NCR or 5-7 days for rest of India
                  ",Parrot Theme Hut Style Name Plate, No reviews ,"Rs. 2,199.00",Average rating is 0.00 stars
/home,"Delivered between 4-5 days for Delhi/NCR or 5-7 days for rest of India
                  ",Premium Circular 3D name plate,"(None,)","Rs. 1,999.00","(None,)"
/home,"Delivered between 4-5 days for Delhi/NCR or 5-7 days for rest of India
                  ",Flower Pattern Big Oval Shape Name Plate,"(None,)","Rs. 1,649.00","(None,)"
/home,"Delivered between 4-5 days for Delhi/NCR or 5-7 days for rest of India
                  ",Cartoon Style Couple Theme Nameplate, No reviews ,"(None,)",Average rating is 0.00 stars
/home,"Delivered between 4-5 days for Delhi/NCR or 5-7 days for rest of India
                  ",Floral Name Plate,"(None,)","Rs. 1,499.00","(None,)"
/home,"Delivered between 4-5 days for Delhi/NCR or 5-7 days for rest of India
                  ",Couple Theme Name Plate, 2 reviews ,"Rs. 1,449.00",Average rating is 5.00 stars
/home,"Delivered between 4-5 days for Delhi/NCR or 5-7 days for rest of India
                  ",Classic Oval Shape Name Plate, 2 reviews ,"Rs. 1,499.00",Average rating is 5.00 stars
/home,"Delivered between 4-5 days for Delhi/NCR or 5-7 days for rest of India
                  ",Caricature Style Couple Circular Name Plate | COD Not Available, 2 reviews ,"Rs. 2,999.00",Average rating is 5.00 stars
/home,"Delivered between 1-3 days for Delhi/NCR or 3-4 days for rest of India
                  ",LED Glow Lamp | Shiva, 1 review ,"Rs. 1,499.00",Average rating is 5.00 stars
/home,"Delivered between 4-5 days for Delhi/NCR or 5-7 days for rest of India
                  ",Sleek Couple 3D Name Plate, 2 reviews ,"Rs. 1,599.00",Average rating is 5.00 stars
/home,"Delivered between 4-5 days for Delhi/NCR or 5-7 days for rest of India
                  ",Couple with kids name plate, 5 reviews ,"Rs. 1,799.00",Average rating is 5.00 stars
/kids,"Delivered between 1-3 days for Delhi/NCR or 3-4 days for rest of India
                  ",Kids Room Dinosaur Wall Art,"(None,)","Rs. 899.00 – Rs. 4,399.00","(None,)"
/kids,"Delivered between 4-5 days for Delhi/NCR or 5-7 days for rest of India
                  ",Kids Circular 3D Name Plate,"(None,)","Rs. 1,799.00","(None,)"
/kids,"Delivered between 4-5 days for Delhi/NCR or 5-7 days for rest of India
                  ",Caricature Style Kids Room Name Plate | COD Not Available,"(None,)","Rs. 2,999.00 – Rs. 3,899.00","(None,)"
/kids,"Delivered between 1-3 days for Delhi/NCR or 3-4 days for rest of India
                  ",Wooden Fridge Magnets | Liverpool,"(None,)",Rs. 299.00,"(None,)"
/kids,"Delivered between 1-3 days for Delhi/NCR or 3-4 days for rest of India
                  ",Personalised | Birthday | Born Under These Stars,"(None,)","Rs. 1,499.00 – Rs. 2,199.00","(None,)"
/kids,"Delivered between 4-5 days for Delhi/NCR or 5-7 days for rest of India
                  ",Kids Circular 3D Hogwarts Name Plate with Lights, No reviews ,"Rs. 1,799.00",Average rating is 0.00 stars
/kids,"Delivered between 4-5 days for Delhi/NCR or 5-7 days for rest of India
                  ",3D Spiderman Circular Name Plate, No reviews ,"Rs. 1,599.00",Average rating is 0.00 stars
/kids,"Delivered between 4-5 days for Delhi/NCR or 5-7 days for rest of India
                  ",3D Unicorn Circular Name Plate, No reviews ,"Rs. 1,599.00",Average rating is 0.00 stars
/kids,"Delivered between 4-5 days for Delhi/NCR or 5-7 days for rest of India
                  ",3D Astro Circular Name Plate, No reviews ,"Rs. 1,599.00",Average rating is 0.00 stars
/kids,"Delivered between 4-5 days for Delhi/NCR or 5-7 days for rest of India
                  ",Princess 3D Name Plate, No reviews ,"Rs. 1,499.00",Average rating is 0.00 stars
/gifts-for-sister,"Delivered between 1-3 days for Delhi/NCR or 3-4 days for rest of India
                  ",Personalised |  Best Sis | Photo Frame Fridge Magnets,"(None,)",Rs. 499.00,"(None,)"
/gifts-for-sister,"Delivered between 1-3 days for Delhi/NCR or 3-4 days for rest of India
                  ",Personalised |  Best Sister | Photo Frame Fridge Magnets,"(None,)",Rs. 499.00,"(None,)"
/gifts-for-sister,"Delivered between 1-3 days for Delhi/NCR or 3-4 days for rest of India
                  ",Personalised | Wooden Medal | Best Sister Ever,"(None,)",Rs. 799.00,"(None,)"
/gifts-for-sister,"Delivered between 1-3 days for Delhi/NCR or 3-4 days for rest of India
                  ",Personalised | Best Sister,"(None,)","Rs. 699.00 – Rs. 2,099.00","(None,)"
/gifts-for-sister,"Delivered between 1-3 days for Delhi/NCR or 3-4 days for rest of India
                  ",Personalised | Best Sister Ever,"(None,)","Rs. 699.00 – Rs. 2,099.00","(None,)"
/gifts-for-sister,"Delivered between 1-3 days for Delhi/NCR or 3-4 days for rest of India
                  ",Personalised | Best Sister Ever Wooden Postcard,"(None,)",Rs. 799.00,"(None,)"
/gifts-for-sister,"Delivered between 1-3 days for Delhi/NCR or 3-4 days for rest of India
                  ",Personalised | New Year Theme Wooden Notebook Binder | COD Not Available,"(None,)",Rs. 899.00,"(None,)"
/gifts-for-sister,"Delivered between 1-3 days for Delhi/NCR or 3-4 days for rest of India
                  ",Personalised | Astronaut Theme Wooden Notebook Binder | COD Not Available,"(None,)",Rs. 899.00,"(None,)"
/mothers-day,"(None,)",Handcrafted Chopping Board,"(None,)",Rs. 999.00,"(None,)"
/mothers-day,"(None,)",Wooden Bowls | Set of 3,"(None,)","Rs. 1,499.00","(None,)"
/mothers-day,"Delivered between 1-3 days for Delhi/NCR or 3-4 days for rest of India
                  ",Personalised | Mother Daughter | Star Map,"(None,)","Rs. 1,499.00 – Rs. 2,099.00","(None,)"
/kids,"Delivered between 4-5 days for Delhi/NCR or 5-7 days for rest of India
                  ",Kids Circular Unicorn Theme 3D Name Plate,"(None,)","Rs. 1,799.00","(None,)"
/kids,"Delivered between 4-5 days for Delhi/NCR or 5-7 days for rest of India
                  ",Kids Circular Astronaut Theme 3D Name Plate,"(None,)","Rs. 1,799.00","(None,)"
/kids,"Delivered between 1-3 days for Delhi/NCR or 3-4 days for rest of India
                  ",Personalised Heart 3D Name Wooden Fridge Magnets, 1 review ,Rs. 499.00,Average rating is 5.00 stars
/kids,"Delivered between 1-3 days for Delhi/NCR or 3-4 days for rest of India
                  ",Led Glow Lamp | Radha Krishna Illusion, No reviews ,"Rs. 1,499.00",Average rating is 0.00 stars
/kids,"Delivered between 1-3 days for Delhi/NCR or 3-4 days for rest of India
                  ",Personalised Adorable Family Names Print with Frame,"(None,)","Rs. 1,299.00","(None,)"
/kids,"Delivered between 1-3 days for Delhi/NCR or 3-4 days for rest of India
                  ",Personalised  Unicorn With Name Fridge Magnets, No reviews ,"(None,)",Average rating is 0.00 stars
/kids,"Delivered between 1-3 days for Delhi/NCR or 3-4 days for rest of India
                  ",Personalised | Lion With Name Fridge Magnets,"(None,)",Rs. 399.00,"(None,)"
/kids,"Delivered between 1-3 days for Delhi/NCR or 3-4 days for rest of India
                  ",Led Glow Lamp | Animated Radha krishna_, No reviews ,"Rs. 1,499.00",Average rating is 0.00 stars
/gifts-for-sister,"Delivered between 1-3 days for Delhi/NCR or 3-4 days for rest of India
                  ",Personalised | Soul Sister Wooden Notebook Binder | COD Not Available,"(None,)",Rs. 899.00,"(None,)"
/gifts-for-sister,"Delivered between 1-3 days for Delhi/NCR or 3-4 days for rest of India
                  ",Personalised | Craziest Sister Wooden Notebook Binder | COD Not Available,"(None,)",Rs. 899.00,"(None,)"
/gifts-for-sister,"Delivered between 1-3 days for Delhi/NCR or 3-4 days for rest of India
                  ",Personalised | Best Sister Wooden Notebook Binder | COD Not Available,"(None,)",Rs. 899.00,"(None,)"
/gifts-for-sister,"Delivered between 4-5 days for Delhi/NCR or 5-7 days for rest of India
                  ",ChitraChaya's Special Portrait Caricature style | Single face | COD Not Available, 1 review ,"Rs. 2,099.00 – Rs. 2,799.00",Average rating is 5.00 stars
/gifts-for-sister,"Delivered between 1-3 days for Delhi/NCR or 3-4 days for rest of India
                  ","4""x4"" Wooden Coasters | Best Sister","(None,)",Rs. 349.00 – Rs. 599.00,"(None,)"
/gifts-for-sister,"Delivered between 1-3 days for Delhi/NCR or 3-4 days for rest of India
                  ",Personalised | World's Best Sister,"(None,)","Rs. 699.00 – Rs. 1,999.00","(None,)"
/gifts-for-sister,"Delivered between 1-3 days for Delhi/NCR or 3-4 days for rest of India
                  ",Personalised | Sisters,"(None,)","Rs. 699.00 – Rs. 1,099.00","(None,)"
/mothers-day,"Delivered between 1-3 days for Delhi/NCR or 3-4 days for rest of India
                  ",Personalised | Best Mom Ever,"(None,)","Rs. 699.00 – Rs. 1,999.00","(None,)"
/mothers-day,"Delivered between 1-3 days for Delhi/NCR or 3-4 days for rest of India
                  ",Personalised | Best Momma Ever,"(None,)","Rs. 699.00 – Rs. 1,099.00","(None,)"
/mothers-day,"Delivered between 1-3 days for Delhi/NCR or 3-4 days for rest of India
                  ",I Love Mom Wooden Rose,"(None,)",Rs. 699.00,"(None,)"
/mothers-day,"Delivered between 1-3 days for Delhi/NCR or 3-4 days for rest of India
                  ",Personalised | Mother Est,"(None,)","Rs. 699.00 – Rs. 1,099.00","(None,)"
/mothers-day,"Delivered between 1-3 days for Delhi/NCR or 3-4 days for rest of India
                  ",Personalised | Best MOM,"(None,)","Rs. 699.00 – Rs. 1,499.00","(None,)"
/mothers-day,"Delivered between 1-3 days for Delhi/NCR or 3-4 days for rest of India
                  ",Personalised  | Always My Mother,"(None,)","Rs. 699.00 – Rs. 1,999.00","(None,)"
/mothers-day,"Delivered between 1-3 days for Delhi/NCR or 3-4 days for rest of India
                  ",Personalised | I Love MoM,"(None,)","Rs. 699.00 – Rs. 1,999.00","(None,)"
/mothers-day,"Delivered between 1-3 days for Delhi/NCR or 3-4 days for rest of India
                  ",Personalized Mom Photo Stand, No reviews ,Rs. 599.00,Average rating is 0.00 stars
/gifts-for-sister,"Delivered between 1-3 days for Delhi/NCR or 3-4 days for rest of India
                  ",Personalised | Pets Love,"(None,)","Rs. 699.00 – Rs. 1,099.00","(None,)"
/gifts-for-sister,"Delivered between 4-5 days for Delhi/NCR or 5-7 days for rest of India
                  ",ChitraChaya's Special POP Art style | Two face | COD Not Available, 2 reviews ,"Rs. 2,399.00 – Rs. 3,999.00",Average rating is 5.00 stars
/gifts-for-sister,"Delivered between 4-5 days for Delhi/NCR or 5-7 days for rest of India
                  ",ChitraChaya's Special POP Art style | Single face | COD Not Available, 6 reviews ,"Rs. 1,199.00 – Rs. 3,299.00",Average rating is 5.00 stars
/gifts-for-sister,"Delivered between 1-3 days for Delhi/NCR or 3-4 days for rest of India
                  ",Wooden Notebook Binder | Pattern,"(None,)",Rs. 699.00,"(None,)"
/gifts-for-sister,"Delivered between 1-3 days for Delhi/NCR or 3-4 days for rest of India
                  ",Wooden Notebook Binder | Heart,"(None,)",Rs. 699.00,"(None,)"
/gifts-for-sister,"Delivered between 1-3 days for Delhi/NCR or 3-4 days for rest of India
                  ",Wooden Notebook Binder | Flamingo,"(None,)",Rs. 699.00,"(None,)"
/gifts-for-sister,"Delivered between 1-3 days for Delhi/NCR or 3-4 days for rest of India
                  ",Personalised | Floral Wooden Notebook Binder | COD Not Available,"(None,)",Rs. 899.00,"(None,)"
/gifts-for-sister,"Delivered between 4-5 days for Delhi/NCR or 5-7 days for rest of India
                  ",ChitraChaya's Special Portrait Caricature style | Two face | COD Not Available,"(None,)","Rs. 3,099.00 – Rs. 4,199.00","(None,)"
/gifts-for-sister,"Delivered between 1-3 days for Delhi/NCR or 3-4 days for rest of India
                  ",Personalised Comic Style Coasters| Set of 2,"(None,)",Rs. 799.00,"(None,)"
/gifts-for-sister,"Delivered between 1-3 days for Delhi/NCR or 3-4 days for rest of India
                  ",Personalised | This Is Us, 1 review ,"Rs. 699.00 – Rs. 1,999.00",Average rating is 5.00 stars
/gifts-for-sister,"Delivered between 1-3 days for Delhi/NCR or 3-4 days for rest of India
                  ",Personalised Name Wooden KeyChain,"(None,)",Rs. 499.00,"(None,)"
/mothers-day,"Delivered between 1-3 days for Delhi/NCR or 3-4 days for rest of India
                  ",Flower Shape Mother's Day Fridge Magnet, No reviews ,Rs. 599.00,Average rating is 0.00 stars
/mothers-day,"Delivered between 1-3 days for Delhi/NCR or 3-4 days for rest of India
                  ",Love You Mom Fridge Magnet, No reviews ,Rs. 599.00,Average rating is 0.00 stars
/mothers-day,"Delivered between 1-3 days for Delhi/NCR or 3-4 days for rest of India
                  ",Personalised | Worlds Best Mom,"(None,)","Rs. 699.00 – Rs. 1,899.00","(None,)"
/mothers-day,"Delivered between 1-3 days for Delhi/NCR or 3-4 days for rest of India
                  ",Mother's Day Arch Frame, 1 review ,Rs. 799.00,Average rating is 5.00 stars
/mothers-day,"Delivered between 1-3 days for Delhi/NCR or 3-4 days for rest of India
                  ",Personalised | Heart MoM | Fridge Magnets,"(None,)",Rs. 599.00,"(None,)"
/mothers-day,"Delivered between 1-3 days for Delhi/NCR or 3-4 days for rest of India
                  ",Personalised | MoM | Fridge Magnets, 1 review ,Rs. 599.00,Average rating is 5.00 stars
/mothers-day,"Delivered between 4-5 days for Delhi/NCR or 5-7 days for rest of India
                  ",Hut Style Name Plate, 1 review ,"Rs. 2,199.00",Average rating is 5.00 stars
/mothers-day,"Delivered between 1-3 days for Delhi/NCR or 3-4 days for rest of India
                  ",Personalised | Mothers Day | Fridge Magnet, 2 reviews ,Rs. 499.00,Average rating is 5.00 stars
/mothers-day,"Delivered between 4-5 days for Delhi/NCR or 5-7 days for rest of India
                  ",Caricature Cutouts with Stand | COD Not Available, 1 review ,"Rs. 1,599.00 – Rs. 3,599.00",Average rating is 4.00 stars
/gifts-for-sister,"Delivered between 1-3 days for Delhi/NCR or 3-4 days for rest of India
                  ","4x4"" Circular Personalised Wooden Fridge Magnets","(None,)",Rs. 449.00,"(None,)"
/workplace,"Delivered between 1-3 days for Delhi/NCR or 3-4 days for rest of India
                  ","4""x4"" Wooden Coasters Laser | Put Wine Here","(None,)",Rs. 399.00 – Rs. 749.00,"(None,)"
/mothers-day,"Delivered between 4-5 days for Delhi/NCR or 5-7 days for rest of India
                  ",Caricature Face Fridge Magnets | COD Not Available, 3 reviews ,"Rs. 899.00 – Rs. 2,399.00",Average rating is 5.00 stars
/workplace,"Delivered between 1-3 days for Delhi/NCR or 3-4 days for rest of India
                  ","4""x4"" Wooden Coasters | Bayern Munich FC","(None,)",Rs. 399.00 – Rs. 699.00,"(None,)"
/workplace,"Delivered between 1-3 days for Delhi/NCR or 3-4 days for rest of India
                  ",Personalised | Idea Theme Wooden Notebook Binder | COD Not Available,"(None,)",Rs. 899.00,"(None,)"
/workplace,"Delivered between 1-3 days for Delhi/NCR or 3-4 days for rest of India
                  ","4""x4"" Wooden Coasters | Mohun Bagan Club","(None,)",Rs. 399.00 – Rs. 699.00,"(None,)"
/workplace,"Delivered between 1-3 days for Delhi/NCR or 3-4 days for rest of India
                  ",3 in 1 desk Orgainiser with Clock,"(None,)","Rs. 1,399.00","(None,)"
/workplace,"Delivered between 1-3 days for Delhi/NCR or 3-4 days for rest of India
                  ","4""x4"" Wooden Coasters | East Bengal Club","(None,)",Rs. 399.00 – Rs. 699.00,"(None,)"
/workplace,"Delivered between 1-3 days for Delhi/NCR or 3-4 days for rest of India
                  ",Hexagon Wooden Coasters | Set of 6 Super heroes,"(None,)",Rs. 999.00,"(None,)"
/workplace,"Delivered between 1-3 days for Delhi/NCR or 3-4 days for rest of India
                  ","4""x4"" Wooden Coasters Laser | Real Madrid","(None,)",Rs. 399.00 – Rs. 699.00,"(None,)"
/workplace,"Delivered between 1-3 days for Delhi/NCR or 3-4 days for rest of India
                  ","4""x4"" Wooden Coasters Laser | Liverpool","(None,)",Rs. 399.00 – Rs. 699.00,"(None,)"
/workplace,"Delivered between 1-3 days for Delhi/NCR or 3-4 days for rest of India
                  ","4""x4"" Wooden Coasters Laser | FCB","(None,)",Rs. 399.00 – Rs. 699.00,"(None,)"
/workplace,"Delivered between 1-3 days for Delhi/NCR or 3-4 days for rest of India
                  ","4""x4"" Wooden Coasters Laser | Chelsea","(None,)",Rs. 399.00 – Rs. 699.00,"(None,)"
/workplace,"Delivered between 1-3 days for Delhi/NCR or 3-4 days for rest of India
                  ","4""x4"" Wooden Coasters | Real Madrid","(None,)",Rs. 399.00 – Rs. 699.00,"(None,)"
/workplace,"Delivered between 1-3 days for Delhi/NCR or 3-4 days for rest of India
                  ","4""x4"" Wooden Coasters | Chelsea","(None,)",Rs. 399.00 – Rs. 699.00,"(None,)"
/workplace,"Delivered between 1-3 days for Delhi/NCR or 3-4 days for rest of India
                  ","4""x4"" Wooden Coasters | Liverpool","(None,)",Rs. 399.00 – Rs. 699.00,"(None,)"
/workplace,"Delivered between 1-3 days for Delhi/NCR or 3-4 days for rest of India
                  ","4""x4"" Wooden Coasters Laser | Manchester City","(None,)",Rs. 399.00 – Rs. 699.00,"(None,)"
/workplace,"Delivered between 1-3 days for Delhi/NCR or 3-4 days for rest of India
                  ","4""x4"" Wooden Coasters | FCB","(None,)",Rs. 399.00 – Rs. 699.00,"(None,)"
/workplace,"Delivered between 1-3 days for Delhi/NCR or 3-4 days for rest of India
                  ","4""x4"" Wooden Coasters | Red Devils","(None,)",Rs. 399.00 – Rs. 699.00,"(None,)"
/workplace,"Delivered between 1-3 days for Delhi/NCR or 3-4 days for rest of India
                  ","4""x4"" Wooden Coasters | Manchester City","(None,)",Rs. 399.00 – Rs. 699.00,"(None,)"
/workplace,"Delivered between 1-3 days for Delhi/NCR or 3-4 days for rest of India
                  ",Wooden Notebook Binder | Square Engraved,"(None,)",Rs. 699.00,"(None,)"
/workplace,"Delivered between 1-3 days for Delhi/NCR or 3-4 days for rest of India
                  ",Wooden Notebook Binder | Triangle Engraved,"(None,)",Rs. 699.00,"(None,)"
/workplace,"Delivered between 1-3 days for Delhi/NCR or 3-4 days for rest of India
                  ",Wooden Notebook Binder | Taurus,"(None,)",Rs. 699.00,"(None,)"
/workplace,"Delivered between 1-3 days for Delhi/NCR or 3-4 days for rest of India
                  ",Wooden Notebook Binder | Leo,"(None,)",Rs. 699.00,"(None,)"
/workplace,"Delivered between 1-3 days for Delhi/NCR or 3-4 days for rest of India
                  ",Wooden Notebook Binder | Pisces,"(None,)",Rs. 699.00,"(None,)"
/workplace,"Delivered between 1-3 days for Delhi/NCR or 3-4 days for rest of India
                  ",Wooden Notebook Binder | Scorpio,"(None,)",Rs. 699.00,"(None,)"
/workplace,"Delivered between 1-3 days for Delhi/NCR or 3-4 days for rest of India
                  ",Wooden Notebook Binder  | Capricorn,"(None,)",Rs. 699.00,"(None,)"
